<?xml version="1.0" encoding="UTF-8" standalone="yes"?>
<MessagePool xmlns="http://wwww.ibm.com/iib/test/1.0.0">
    <InputMessage timestamp="1563552305552" nodeId="FCMComposite_1_1" name="InputMessageBenThompson" id="1563552305552-6">
        <plainText>%7B%22FirstName%22%3A+%22Ben%22%2C+%22LastName%22%3A+%22Thompson%22%7D</plainText>
    </InputMessage>
    <InputMessage timestamp="1563566132258" nodeId="FCMComposite_1_1" name="InputMessageJoeBloggs" id="1563566132258-946">
        <plainText>%7B%22FirstName%22%3A+%22Joe%22%2C+%22LastName%22%3A+%22Bloggs%22%7D</plainText>
    </InputMessage>
    <InputMessage timestamp="1563566253115" nodeId="FCMComposite_1_1" name="InputMessageJanModaal" id="1563566253115-1018">
        <plainText>%7B%22FirstName%22%3A+%22Jan%22%2C+%22LastName%22%3A+%22Modaal%22%7D</plainText>
    </InputMessage>
    <InputMessage timestamp="1563566298759" nodeId="FCMComposite_1_1" name="InputMessageJohnDoe" id="1563566298759-1099">
        <plainText>%7B%22FirstName%22%3A+%22John%22%2C+%22LastName%22%3A+%22Doe%22%7D</plainText>
    </InputMessage>
    <InputMessage timestamp="1563566325938" nodeId="FCMComposite_1_1" name="InputMessageOttoNormalverbraucher" id="1563566325938-1171">
        <plainText>%7B%22FirstName%22%3A+%22Otto%22%2C+%22LastName%22%3A+%22Normalverbraucher%22%7D</plainText>
    </InputMessage>
    <InputMessage timestamp="1563566543876" nodeId="FCMComposite_1_1" name="InputMessageNotInDatabase" id="1563566543876-1499">
        <plainText>%7B%22FirstName%22%3A+%22NotIn%22%2C+%22LastName%22%3A+%22Database%22%7D</plainText>
    </InputMessage>
</MessagePool>
