<?xml version="1.0" encoding="UTF-8" standalone="yes"?>
<MessagePool xmlns="http://wwww.ibm.com/iib/test/1.0.0">
    <InputMessage timestamp="1564866223508" nodeId="FCMComposite_1_2" name="Input_UseCatchOnHTTPInput" id="1564866223508-3424">
        <plainText>%7B%22Message%22%3A+%22Use+catch+terminal+on+HTTPInput+node%22%7D</plainText>
    </InputMessage>
    <InputMessage timestamp="1564866312703" nodeId="FCMComposite_1_2" name="Input_UseCatchOnTryCatch" id="1564866312703-3477">
        <plainText>%7B%22Message%22%3A+%22Use+catch+terminal+on+TryCatch+node%22%7D</plainText>
    </InputMessage>
</MessagePool>
