<?xml version="1.0" encoding="UTF-8" standalone="yes"?>
<MessagePool xmlns="http://wwww.ibm.com/iib/test/1.0.0">
    <InputMessage timestamp="1563566298759" nodeId="FCMComposite_1_1" name="InputMessageJohnDoe" id="1563566298759-1099">
        <plainText>%7B%22FirstName%22%3A+%22John%22%2C+%22LastName%22%3A+%22Doe%22%2C+%22Country%22%3A+%22US%22%7D</plainText>
    </InputMessage>
    <InputMessage timestamp="1563566132258" nodeId="FCMComposite_1_1" name="InputMessageJoeBloggs" id="1563566132258-946">
        <plainText>%7B%22FirstName%22%3A+%22Joe%22%2C+%22LastName%22%3A+%22Bloggs%22%2C+%22Country%22%3A+%22GB%22%7D</plainText>
    </InputMessage>
</MessagePool>
