<?xml version="1.0" encoding="UTF-8" standalone="yes"?>
<MessagePool xmlns="http://wwww.ibm.com/iib/test/1.0.0">
    <InputMessage timestamp="1457433709754" nodeId="FCMComposite_1_1" name="JSON message, no overrides" id="1457433709754-73">
        <plainText>%7B+%22existing_element%22+%3A+%22some_existing_value%22+%7D</plainText>
    </InputMessage>
    <InputMessage timestamp="1457433753692" nodeId="FCMComposite_1_1" name="JSON message, override target application" id="1457433753692-87">
        <plainText>%7B+%22existing_element%22+%3A+%22some_existing_value%22+%2C%0A++%22overriddenApplicationName%22+%3A+%22CallableTimestampAlternate%22%7D</plainText>
    </InputMessage>
</MessagePool>
